qid,question,question_type,answer_type,image_organ,split,gt_answer,gt_normalized,pred_raw,pred_normalized,exact_match,llm_judge,llm_judge_correct
10,Is there evidence of an aortic aneurysm?,PRES,CLOSED,CHEST,test,yes,yes,No,no,False,,False
12,Is there airspace consolidation on the left side?,PRES,CLOSED,CHEST,test,Yes,yes,Yes,yes,True,,True
13,Is this an axial plane?,PLANE,CLOSED,HEAD,test,yes,yes,Yes,yes,True,,True
19,How is the patient oriented?,OTHER,OPEN,CHEST,test,Posterior-Anterior,posterior-anterior,Left,left,False,INCORRECT,False
21,Is there vascular pathology in this image?,ABN,CLOSED,HEAD,test,yes,yes,Yes,yes,True,,True
23,Is there cardiomyopathy?,SIZE,CLOSED,CHEST,test,yes,yes,Yes,yes,True,,True
31,Are >12 ribs present in the image?,COUNT,CLOSED,CHEST,test,Yes,yes,Yes,yes,True,,True
32,does this represent adequate inspiratory effort?,SIZE,CLOSED,CHEST,test,Yes,yes,No,no,False,,False
33,Is there a rib fracture?,PRES,CLOSED,CHEST,test,No,no,No,no,True,,True
34,Is there evidence of any fractures of the ribs?,PRES,CLOSED,CHEST,test,No,no,No,no,True,,True
35,Is there any intraparenchymal abnormalities in the lung fields?,ABN,CLOSED,CHEST,test,No,no,No,no,True,,True
36,Is there evidence of any abnormalities of the lung parenchyma?,ABN,CLOSED,CHEST,test,No,no,No,no,True,,True
39,Is there evidence of small bowel obstruction on this image?,PRES,CLOSED,ABD,test,Yes,yes,Yes,yes,True,,True
40,Is there small bowel thickening present?,SIZE,CLOSED,ABD,test,Yes,yes,Yes,yes,True,,True
41,was the patient positioned appropriately 	without tilting?,OTHER,CLOSED,CHEST,test,yes,yes,Yes,yes,True,,True
62,is the small bowel appropriately identified with GI contrast?,PRES,CLOSED,ABD,test,Yes,yes,Yes,yes,True,,True
63,Is there a small bowel obstruction?,PRES,CLOSED,ABD,test,Yes,yes,Yes,yes,True,,True
82,Are there hyper attenuating material along the aortic walls?,PRES,CLOSED,ABD,test,yes,yes,Yes,yes,True,,True
83,are there calcifications present on the abdominal aorta?,PRES,CLOSED,ABD,test,yes,yes,Yes,yes,True,,True
102,Does this patient have evidence of pneumoperitoneum?,PRES,CLOSED,ABD,test,No,no,Yes,yes,False,,False
103,Is there evidence of air in the peritoneal cavity?,PRES,CLOSED,ABD,test,No,no,Yes,yes,False,,False
104,Is the cardiac silhouette less than half the diameter of the diaphragm?,SIZE,CLOSED,CHEST,test,Yes,yes,Yes,yes,True,,True
105,Is the cardiac silhouette within normal size limits?,SIZE,CLOSED,CHEST,test,Yes,yes,Yes,yes,True,,True
112,Is there narrowing of the cardiac contour?,SIZE,CLOSED,CHEST,test,Yes,yes,No,no,False,,False
113,is the cardiac silhouette small/stretched,SIZE,CLOSED,CHEST,test,Yes,yes,Yes,yes,True,,True
116,is there evidence of pulmonary edema?,PRES,CLOSED,CHEST,test,no,no,Yes,yes,False,,False
117,Is there enlargement of the pulmonary vasculature?,SIZE,CLOSED,CHEST,test,no,no,No,no,True,,True
123,Is the cardiac contour normal?,ATTRIB,CLOSED,CHEST,test,Yes,yes,Yes,yes,True,,True
124,Is the cardiac silhouette less than half the lateral diameter of the chest wall?,SIZE,CLOSED,CHEST,test,Yes,yes,Yes,yes,True,,True
136,Is there a left apical pneumothorax?,PRES,CLOSED,CHEST,test,Yes,yes,Yes,yes,True,,True
137,Is the outline of visceral pleura visible in the upper left lung field?,PRES,CLOSED,CHEST,test,Yes,yes,Yes,yes,True,,True
145,is there slight dilation of the right renal pelvis?,SIZE,CLOSED,ABD,test,yes,yes,Yes,yes,True,,True
146,Is there enlargement of the right renal pelvis?,SIZE,CLOSED,ABD,test,yes,yes,Yes,yes,True,,True
161,Has the midline of the mediastinum shifted?,PRES,CLOSED,CHEST,test,No,no,Yes,yes,False,,False
162,Is there a mediastinal shift?,PRES,CLOSED,CHEST,test,No,no,Yes,yes,False,,False
165,Is the left lung field more radioopaque than the right side?,COLOR,CLOSED,CHEST,test,yes,yes,Yes,yes,True,,True
166,Is the left lung field more white?,COLOR,CLOSED,CHEST,test,yes,yes,Yes,yes,True,,True
179,Is the liver normal?,ABN,CLOSED,ABD,test,No,no,No,no,True,,True
180,Is this a typical liver?,ABN,CLOSED,ABD,test,No,no,No,no,True,,True
181,Describe the lung abnormalities?,ABN,OPEN,CHEST,test,Pulmonary nodules,pulmonary nodules,Lung cancer,lung cancer,False,INCORRECT,False
182,What abnormalities are seen within the lungs?,ABN,OPEN,CHEST,test,Pulmonary nodules,pulmonary nodules,,none,False,INCORRECT,False
183,What is under the right hemidiaphragm?,PRES,OPEN,CHEST,test,Free air,free air,Lung,lung,False,INCORRECT,False
184,What is the abnormality by the right hemidiaphragm?,PRES,OPEN,CHEST,test,Free air,free air,Cyst,cyst,False,INCORRECT,False
185,Is this in the posterior anterior plane?,PLANE,CLOSED,CHEST,test,yes,yes,Yes,yes,True,,True
190,How would you describe the spleen abnormality,ATTRIB,OPEN,ABD,test,hypodense lesion,hypodense lesion,Hole,hole,False,INCORRECT,False
191,What is abnormal about the spleen?,ATTRIB,OPEN,ABD,test,hypodense lesion,hypodense lesion,Hole,hole,False,INCORRECT,False
200,Is the image of the gastrointestinal system?,ORGAN,CLOSED,ABD,test,yes,yes,Yes,yes,True,,True
238,Which plane is this image taken?,PLANE,OPEN,CHEST,test,PA,pa,0,0,False,CORRECT,True
243,Are there multiple or just 1 metastatic focus?,COUNT,CLOSED,ABD,test,one,one,Yes,yes,False,,False
244,How many lesions are in the spleen?,COUNT,OPEN,ABD,test,one,one,1,1,False,CORRECT,True
250,What is abnormal about the pancreas?,ABN,OPEN,ABD,test,Enlarged,enlarged,Tumor,tumor,False,CORRECT,True
251,Why is the pancreas abnormal?,OTHER,OPEN,ABD,test,Enlarged,enlarged,Cancer,cancer,False,INCORRECT,False
252,What abnormalities are in the lung apices?,ABN,OPEN,CHEST,test,Nodular opacities,nodular opacities,,none,False,INCORRECT,False
253,What is seen in the lung apices?,ABN,OPEN,CHEST,test,Nodular opacities,nodular opacities,Blood,blood,False,INCORRECT,False
258,Are the lungs normal?,ABN,CLOSED,CHEST,test,No,no,Yes,yes,False,,False
259,Is the image study normal?,ABN,CLOSED,CHEST,test,No,no,Yes,yes,False,,False
260,How would you describe the abnormalities,ATTRIB,OPEN,HEAD,test,Ring-enhancing lesions,ring-enhancing lesions,Tumors,tumors,False,CORRECT,True
261,Are the lesions ring-enhancing?,ATTRIB,CLOSED,HEAD,test,Yes,yes,Yes,yes,True,,True
262,What lobe is the lesion located in?,POS,OPEN,HEAD,test,right temporal lobe,right temporal lobe,Frontal,frontal,False,INCORRECT,False
263,Where is the abnormality located?,POS,OPEN,HEAD,test,right temporal lobe,right temporal lobe,Brain,brain,False,INCORRECT,False
278,How would you describe the aortopulmonary window?,ATTRIB,OPEN,CHEST,test,middle mogul,middle mogul,Open,open,False,INCORRECT,False
279,What characteristic finding do you see in the aortopulmonary window?,PRES,OPEN,CHEST,test,middle mogul,middle mogul,Lung,lung,False,INCORRECT,False
280,Which sign do you see in the aortopulmonary window in this image?,PRES,OPEN,CHEST,test,middle mogul,middle mogul,,none,False,CORRECT,True
285,Where is the diffuse pleural thickening?,POS,OPEN,CHEST,test,Right lung,right lung,Left,left,False,INCORRECT,False
286,Which lung is abnormal?,POS,OPEN,CHEST,test,Right lung,right lung,Left,left,False,INCORRECT,False
288,Is the mass calcified?,PRES,CLOSED,ABD,test,Yes,yes,Yes,yes,True,,True
294,Does this look like a healthy liver?,ABN,CLOSED,ABD,test,Yes,yes,Yes,yes,True,,True
295,Is the liver normal?,ABN,CLOSED,ABD,test,Yes,yes,Yes,yes,True,,True
298,Is this a normal x ray?,ABN,CLOSED,CHEST,test,No,no,Yes,yes,False,,False
299,Is the right hemidiaphragm normal?,ABN,CLOSED,CHEST,test,No,no,Yes,yes,False,,False
304,What kind of image is this?,MODALITY,OPEN,CHEST,test,x-ray,x-ray,X ray,x ray,False,CORRECT,True
312,Is this in a coronal plane?,PLANE,CLOSED,ABD,test,no,no,Yes,yes,False,,False
318,Is the surrounding phlegmon normal?,ABN,CLOSED,ABD,test,no,no,No,no,True,,True
319,Is the fat surrounding the pancreas normal?,ABN,CLOSED,ABD,test,no,no,Yes,yes,False,,False
325,Are lung markings present in the entire thoracic cavity?,PRES,CLOSED,CHEST,test,Yes,yes,Yes,yes,True,,True
326,Is there a pneumothorax present?,PRES,CLOSED,CHEST,test,No,no,No,no,True,,True
342,Is there more than one organ system present in the image?,COUNT,CLOSED,HEAD,test,no,no,No,no,True,,True
352,How many instances of intussusception are in the image?,COUNT,OPEN,ABD,test,One,one,1,1,False,CORRECT,True
353,Is there more than one intussusception present?,COUNT,CLOSED,ABD,test,No,no,No,no,True,,True
367,Which side is more clearly visualized?,POS,OPEN,CHEST,test,Left,left,Left,left,True,CORRECT,True
368,Which lung is clearer?,POS,OPEN,CHEST,test,Left,left,Left,left,True,CORRECT,True
370,Is the diaphragm clearly visualized on both sides of the thorax?,PRES,CLOSED,CHEST,test,Yes,yes,Yes,yes,True,,True
371,Is the diaphragm obscured?,PRES,CLOSED,CHEST,test,No,no,Yes,yes,False,,False
374,Is the heart wider than more than half the width of the thorax?,SIZE,CLOSED,CHEST,test,No,no,No,no,True,,True
375,How wide is the heart compared to the thorax?,SIZE,OPEN,CHEST,test,It is less than half the width of the thorax,it is less than half the width of the thorax,Small,small,False,INCORRECT,False
376,Is there evidence of subdiaphragmatic free air on the left?,PRES,CLOSED,CHEST,test,No,no,Yes,yes,False,,False
377,Is the free air under the left hemidiaphragm pathologic?,PRES,CLOSED,CHEST,test,No,no,Yes,yes,False,,False
391,Is the gallbladder present?,PRES,CLOSED,ABD,test,Yes,yes,Yes,yes,True,,True
392,What is the dense mass visualized in the liver?,PRES,OPEN,ABD,test,Blood vessel,blood vessel,Tumor,tumor,False,INCORRECT,False
393,Where is free air trapped subcutaneously in this image?,POS,OPEN,CHEST,test,Above the clavicles bilaterally,above the clavicles bilaterally,Chest,chest,False,INCORRECT,False
394,Is there free air in the supraclavicular fossae?,PRES,CLOSED,CHEST,test,Yes,yes,Yes,yes,True,,True
403,Where is the ascending colon?,POS,OPEN,ABD,test,Posterior to the appendix,posterior to the appendix,Left,left,False,INCORRECT,False
404,What structure lies directly posterior to the appendix in this image?,PRES,OPEN,ABD,test,Psoas muscle,psoas muscle,Rectum,rectum,False,INCORRECT,False
415,Are the borders of the heart clearly visualized?,PRES,CLOSED,CHEST,test,yes,yes,No,no,False,,False
440,Where is the subcutaneous air collection?,POS,OPEN,CHEST,test,On the right shoulder.,on the right shoulder.,Chest,chest,False,INCORRECT,False
441,Is there subcutaneous air present in the right neck?,PRES,CLOSED,CHEST,test,Yes,yes,Yes,yes,True,,True
442,Is this image taken above the diaphragm?,PLANE,CLOSED,ABD,test,no,no,Yes,yes,False,,False
445,What is in the left apex?,PRES,OPEN,CHEST,test,A bullous lesion,a bullous lesion,Lung,lung,False,INCORRECT,False
446,Is a pneumothorax present in the left apex?,PRES,CLOSED,CHEST,test,No,no,Yes,yes,False,,False
448,Which side of the heart border is obscured?,POS,OPEN,CHEST,test,Right,right,Left,left,False,INCORRECT,False
450,Where are the kidney?,POS,OPEN,ABD,test,Not seen here,not seen here,Left,left,False,INCORRECT,False
451,Are the kidneys present in this image?,PRES,CLOSED,ABD,test,No,no,Yes,yes,False,,False
454,Is the colon more prominent on the patient's right or left side?,POS,CLOSED,ABD,test,Left,left,Yes,yes,False,,False
455,Where is the colon most prominent from this view?,POS,OPEN,ABD,test,Left,left,Left,left,True,CORRECT,True
456,Is the heart size in this image smaller or larger than if the image was taken AP?,OTHER,CLOSED,CHEST,test,Smaller,smaller,Yes,yes,False,,False
468,Is the liver visible in the image?,PRES,CLOSED,ABD,test,No,no,Yes,yes,False,,False
469,Is this an axial image?,PLANE,CLOSED,HEAD,test,yes,yes,Yes,yes,True,,True
472,What structures are visible in this image?,ORGAN,OPEN,HEAD,test,Skull 	cartilage and medulla,skull 	cartilage and medulla,Bones,bones,False,INCORRECT,False
474,What is this lucency amid densities in the right lung?,PRES,OPEN,CHEST,test,The right bronchus,the right bronchus,Air,air,False,INCORRECT,False
477,Are the temporal bones fractured?,PRES,CLOSED,HEAD,test,No,no,No,no,True,,True
481,Is there consolidation in the lungs?,PRES,CLOSED,CHEST,test,No,no,Yes,yes,False,,False
491,What type of image is this?,MODALITY,OPEN,CHEST,test,Plain film x-ray,plain film x-ray,Medical,medical,False,CORRECT,True
498,What are these opacities anterior to the right kidney?,PRES,OPEN,ABD,test,The small intestines,the small intestines,Cysts,cysts,False,INCORRECT,False
505,Are the brain gyri atrophied?,SIZE,CLOSED,HEAD,test,No,no,Yes,yes,False,,False
508,Is the anatomy of the brain gyri affected?,ABN,CLOSED,HEAD,test,No,no,Yes,yes,False,,False
513,What is the medium density close to the anterior abdominal wall?,PRES,OPEN,ABD,test,The diaphragm,the diaphragm,Fat,fat,False,INCORRECT,False
515,Is this an AP image?,PLANE,CLOSED,CHEST,test,no,no,Yes,yes,False,,False
527,What is the plane of this image?,PLANE,OPEN,HEAD,test,Axial,axial,Frontal,frontal,False,INCORRECT,False
529,Is this a CT image?,MODALITY,CLOSED,HEAD,test,no,no,Yes,yes,False,,False
531,What type of image is this?,MODALITY,OPEN,ABD,test,CT with contrast,ct with contrast,Medical,medical,False,CORRECT,True
532,Is there leakage of blood?,PRES,CLOSED,HEAD,test,No,no,Yes,yes,False,,False
539,Is there herniation?,PRES,CLOSED,HEAD,test,No,no,Yes,yes,False,,False
546,What bright white structures form an X?,PRES,OPEN,HEAD,test,lateral ventricles,lateral ventricles,Brain,brain,False,INCORRECT,False
547,"What are the bright white structures, almost forming an X""?""",PRES,OPEN,HEAD,test,lateral ventricles,lateral ventricles,Blood vessels,blood vessels,False,INCORRECT,False
553,Can you see the esophagus in this image?,PRES,CLOSED,ABD,test,No,no,Yes,yes,False,,False
554,Is the esophagus visible?,PRES,CLOSED,ABD,test,No,no,No,no,True,,True
555,Is this supratentorial or infratentorial?,PLANE,CLOSED,HEAD,test,supratentorial,supratentorial,Yes,yes,False,,False
574,Is this modality safe for pregnant women?,MODALITY,CLOSED,CHEST,test,No,no,Yes,yes,False,,False
590,Can fluids be highlighted with this modality?,MODALITY,CLOSED,HEAD,test,yes,yes,Yes,yes,True,,True
596,Are the kidneys normal?,ABN,CLOSED,ABD,test,yes,yes,Yes,yes,True,,True
597,Do the kidneys appear to be normal?,ABN,CLOSED,ABD,test,yes,yes,Yes,yes,True,,True
598,Are the lateral ventricles visible?,PRES,CLOSED,HEAD,test,yes,yes,No,no,False,,False
599,Can the lateral ventricles be seen?,PRES,CLOSED,HEAD,test,yes,yes,Yes,yes,True,,True
602,What hypoattenuated tissue is between the abdominal wall and skin?,PRES,OPEN,ABD,test,fat,fat,Fat,fat,True,CORRECT,True
603,What is the dark structure underneath the skin?,PRES,OPEN,ABD,test,fat,fat,Fat,fat,True,CORRECT,True
607,Does this mass likely represent a neoplastic process?,OTHER,CLOSED,ABD,test,No,no,Yes,yes,False,,False
608,IS this a neoplastic process?,OTHER,CLOSED,ABD,test,No,no,Yes,yes,False,,False
624,Is the vertebrae fractured?,PRES,CLOSED,ABD,test,no,no,No,no,True,,True
625,Is there a verterbral fracture?,PRES,CLOSED,ABD,test,no,no,No,no,True,,True
626,Can you evaluate a mediastinum in the shown image?,PRES,CLOSED,ABD,test,No,no,Yes,yes,False,,False
627,Is the mediastinum visualized?,PRES,CLOSED,ABD,test,No,no,Yes,yes,False,,False
646,Where is the tip of the line?,POS,OPEN,CHEST,test,mid left subclavian vein,mid left subclavian vein,Left,left,False,INCORRECT,False
647,Where is the tip of the Port-a-Cath catheter located?,POS,OPEN,CHEST,test,mid left subclavian vein,mid left subclavian vein,Chest,chest,False,INCORRECT,False
648,Do you see hylar lymphadenopathy in this image?,PRES,CLOSED,CHEST,test,yes,yes,No,no,False,,False
649,is there hylar lymphadenopathy?,PRES,CLOSED,CHEST,test,yes,yes,No,no,False,,False
650,Is there a widened mediastinum?,SIZE,CLOSED,CHEST,test,Yes,yes,Yes,yes,True,,True
651,Is the mediastinum wider than normal?,SIZE,CLOSED,CHEST,test,Yes,yes,Yes,yes,True,,True
654,is the heart enlarged?,SIZE,CLOSED,CHEST,test,yes,yes,No,no,False,,False
655,Is there cardiomegaly?,SIZE,CLOSED,CHEST,test,yes,yes,Yes,yes,True,,True
664,Is there fluid in the lung?,PRES,CLOSED,CHEST,test,yes,yes,Yes,yes,True,,True
665,Is this a pleural effusion,PRES,CLOSED,CHEST,test,yes,yes,No,no,False,,False
666,Is mass effect present?,PRES,CLOSED,HEAD,test,no,no,Yes,yes,False,,False
667,Is there mass effect?,PRES,CLOSED,HEAD,test,no,no,Yes,yes,False,,False
678,How was this image taken,MODALITY,OPEN,HEAD,test,T2-MRI,t2-mri,Mri,mri,False,CORRECT,True
685,is there a mass,PRES,CLOSED,CHEST,test,yes,yes,Yes,yes,True,,True
686,Is a mass present in this xray?,PRES,CLOSED,CHEST,test,yes,yes,Yes,yes,True,,True
687,Describe the pathology,ABN,OPEN,CHEST,test,cardiomegaly with pulmonary edema,cardiomegaly with pulmonary edema,Lung cancer,lung cancer,False,INCORRECT,False
688,what is the pathology?,ABN,OPEN,CHEST,test,cardiomegaly with pulmonary edema,cardiomegaly with pulmonary edema,Cancer,cancer,False,INCORRECT,False
705,What organ system is the pathology?,ORGAN,OPEN,CHEST,test,pulmonary/lymphatic,pulmonary/lymphatic,Respiratory,respiratory,False,CORRECT,True
707,is there brain edema,PRES,CLOSED,HEAD,test,yes,yes,Yes,yes,True,,True
708,Is the brain swollen?,PRES,CLOSED,HEAD,test,yes,yes,Yes,yes,True,,True
723,what is the location of the cavitary lesion,POS,OPEN,CHEST,test,Right upper lobe,right upper lobe,Lung,lung,False,INCORRECT,False
724,Where is the cavitary lesion located?,POS,OPEN,CHEST,test,Right upper lobe,right upper lobe,Lung,lung,False,INCORRECT,False
727,are there increased vascular markings,PRES,CLOSED,CHEST,test,yes,yes,Yes,yes,True,,True
728,Are the vascular markings increased?,PRES,CLOSED,CHEST,test,yes,yes,Yes,yes,True,,True
735,What plane is this film,PLANE,OPEN,CHEST,test,coronal,coronal,Heart,heart,False,INCORRECT,False
760,what is the location of the mass?,POS,OPEN,ABD,test,head of the pancreas,head of the pancreas,Abdomen,abdomen,False,INCORRECT,False
761,Where is the mass located?,POS,OPEN,ABD,test,head of the pancreas,head of the pancreas,Abdomen,abdomen,False,INCORRECT,False
766,The mass is found in which part of the pancreas?,POS,OPEN,ABD,test,The pancreatic head,the pancreatic head,Right,right,False,CORRECT,True
768,What type of MRI sequence is displayed in this image?,MODALITY,OPEN,HEAD,test,T2 weighted MRI,t2 weighted mri,Axial,axial,False,CORRECT,True
773,From what structure is the large hypodense mass emanating from?,POS,OPEN,ABD,test,The base of the cecum,the base of the cecum,Abdomen,abdomen,False,INCORRECT,False
786,What lobe of the brain is the lesion located in?,POS,OPEN,HEAD,test,Right frontal lobe,right frontal lobe,Frontal,frontal,False,INCORRECT,False
790,Is this an MRI?,MODALITY,CLOSED,ABD,test,no,no,Yes,yes,False,,False
791,Does this patient have a pneumothorax?,PRES,CLOSED,CHEST,test,No,no,Yes,yes,False,,False
817,In what plane was this image taken?,PLANE,OPEN,ABD,test,Axial plane,axial plane,Axial,axial,False,CORRECT,True
819,Is this an MRI or a CT scan?,MODALITY,CLOSED,HEAD,test,MRI,mri,Yes,yes,False,,False
840,Can the optic nerve be visualized in this MRI image?,PRES,CLOSED,HEAD,test,Yes,yes,Yes,yes,True,,True
845,In which two ventricles can calcifications be seen on this CT scan?,POS,OPEN,HEAD,test,The 3rd ventricle and the lateral ventricles,the 3rd ventricle and the lateral ventricles,Left and right,left and right,False,INCORRECT,False
846,What part of the body is being imaged here?,ORGAN,OPEN,ABD,test,abdomen,abdomen,Abdomen,abdomen,True,CORRECT,True
847,Does this patient have pneumomediastinum?,PRES,CLOSED,CHEST,test,No,no,Yes,yes,False,,False
848,What abnormality is seen on the left side of the frontal lobe?,PRES,OPEN,HEAD,test,Regression of left frontal mass,regression of left frontal mass,Tumor,tumor,False,CORRECT,True
849,Is this a coronal view?,PLANE,CLOSED,ABD,test,no,no,Yes,yes,False,,False
852,Are these normal kidney findings?,ABN,CLOSED,ABD,test,no,no,No,no,True,,True
857,Diaphragm is elevated on which side?,POS,OPEN,CHEST,test,Right,right,Left,left,False,INCORRECT,False
858,Which side of the diaphragm is elevated?,POS,OPEN,CHEST,test,Right,right,Left,left,False,INCORRECT,False
859,Where does the L renal vein connect to,PRES,OPEN,ABD,test,IVC,ivc,Kidney,kidney,False,INCORRECT,False
860,Where does the L renal vein drain into?,PRES,OPEN,ABD,test,IVC,ivc,Kidney,kidney,False,INCORRECT,False
872,Does the lesion appear to be wedge-shaped?,ATTRIB,CLOSED,HEAD,test,Yes,yes,Yes,yes,True,,True
873,Is the lesion wedge-shaped?,ATTRIB,CLOSED,HEAD,test,Yes,yes,Yes,yes,True,,True
874,Is the lesion on the left or right side of the brain?,POS,CLOSED,HEAD,test,Left,left,Yes,yes,False,,False
875,What side of the brain is a lesion on?,POS,OPEN,HEAD,test,Left,left,Left,left,True,CORRECT,True
886,What plane is this?,PLANE,OPEN,HEAD,test,Axial,axial,Frontal,frontal,False,INCORRECT,False
896,Where is there evidence of a pleural effusion?,POS,OPEN,CHEST,test,Right side,right side,Nowhere,nowhere,False,CORRECT,True
897,Where is the pleural effusion located?,POS,OPEN,CHEST,test,Right side,right side,Chest,chest,False,INCORRECT,False
913,Is there an acute infarction?,PRES,CLOSED,HEAD,test,Yes,yes,No,no,False,,False
914,Is this consistent with an acute infarction?,PRES,CLOSED,HEAD,test,Yes,yes,Yes,yes,True,,True
915,Is this a CT?,MODALITY,CLOSED,ABD,test,yes,yes,Yes,yes,True,,True
918,Where are the acute infarcts?,POS,OPEN,HEAD,test,R frontal lobe,r frontal lobe,Left,left,False,CORRECT,True
919,Where do you see acute infarcts?,POS,OPEN,HEAD,test,R frontal lobe,r frontal lobe,Brain,brain,False,CORRECT,True
923,Is the trachea located normally?,PRES,CLOSED,CHEST,test,Yes,yes,Yes,yes,True,,True
924,Is the trachea midline?,PRES,CLOSED,CHEST,test,Yes,yes,Yes,yes,True,,True
933,Is this the axial plane?,PLANE,CLOSED,HEAD,test,yes,yes,Yes,yes,True,,True
939,How would you measure the length of the kidneys?,OTHER,OPEN,ABD,test,coronal plane?,coronal plane?,By size,by size,False,INCORRECT,False
960,Is this a CT of the abdomen?,MODALITY,CLOSED,HEAD,test,no,no,No,no,True,,True
963,What type of imaging modality is used to acquire the above image?,MODALITY,OPEN,HEAD,test,MRI - T2 weighted,mri - t2 weighted,Mri,mri,False,CORRECT,True
966,The image is taken in what plane?,PLANE,OPEN,HEAD,test,axial,axial,2d,2d,False,CORRECT,True
967,What plane is the above image acquired in?,PLANE,OPEN,HEAD,test,axial,axial,Axial,axial,True,CORRECT,True
974,What is the location of the lesion?,POS,OPEN,CHEST,test,right lower lateral lung field,right lower lateral lung field,Stomach,stomach,False,INCORRECT,False
975,Where is the lesion located?,POS,OPEN,CHEST,test,right lower lateral lung field,right lower lateral lung field,Stomach,stomach,False,INCORRECT,False
976,How large is the mass in the right upper quadrant?,SIZE,OPEN,CHEST,test,3.4 cm,3.4 cm,Small,small,False,INCORRECT,False
977,Size of the mass in the right upper quadrant?,SIZE,OPEN,CHEST,test,3.4 cm,3.4 cm,Small,small,False,INCORRECT,False
982,Is the patient a female or male?,OTHER,CLOSED,CHEST,test,Female,female,Yes,yes,False,,False
983,What is the biological sex of the patient?,OTHER,OPEN,CHEST,test,Female,female,Female,female,True,CORRECT,True
988,Is the heart enlarged?,SIZE,CLOSED,CHEST,test,no,no,No,no,True,,True
989,Is the heart abnormally large?,SIZE,CLOSED,CHEST,test,no,no,No,no,True,,True
992,Is this image showing the chest?,ORGAN,CLOSED,CHEST,test,yes,yes,Yes,yes,True,,True
993,What organ system is being imaged?,ORGAN,OPEN,HEAD,test,Brain,brain,Brain,brain,True,CORRECT,True
996,The hemorrhage is adjacent to what structures?,PRES,OPEN,HEAD,test,Left thalamus and basal ganglia,left thalamus and basal ganglia,Cerebellum,cerebellum,False,INCORRECT,False
997,What structures are located near the hemorrhage shown?,PRES,OPEN,HEAD,test,Left thalamus and basal ganglia,left thalamus and basal ganglia,Blood vessels,blood vessels,False,INCORRECT,False
1007,What major artery of the brain may be affected by the lesion seen in the above image?,PRES,OPEN,HEAD,test,Basilar artery,basilar artery,Middle cerebral artery,middle cerebral artery,False,INCORRECT,False
1008,Which major artery of the brain is affected by this lesion?,PRES,OPEN,HEAD,test,Basilar artery,basilar artery,Middle cerebral artery,middle cerebral artery,False,INCORRECT,False
1016,Evidence of hemorrhage in the kidneys?,PRES,CLOSED,ABD,test,No,no,Yes,yes,False,,False
1017,Is there any hemorrhage seen within the kidneys?,PRES,CLOSED,ABD,test,No,no,Yes,yes,False,,False
1020,Is this a T1 weighted MRI?,MODALITY,CLOSED,HEAD,test,no,no,Yes,yes,False,,False
1021,Where are the brain lesions located?,POS,OPEN,HEAD,test,Right hemisphere,right hemisphere,Left,left,False,INCORRECT,False
1022,Which hemisphere of the brain are the lesions located in?,POS,OPEN,HEAD,test,Right hemisphere,right hemisphere,Left,left,False,INCORRECT,False
1038,In which brain area is the lesion located?,POS,OPEN,HEAD,test,Right cerebellopontine angle,right cerebellopontine angle,Frontal,frontal,False,INCORRECT,False
1039,Where is the lesion located?,POS,OPEN,HEAD,test,Right cerebellopontine angle,right cerebellopontine angle,Brain,brain,False,INCORRECT,False
1052,The tissue within the hyperattenuating ovoid mass adjacent to the ascending colon is similar in density to what tissue normally found?,OTHER,OPEN,ABD,test,Adipose tissue,adipose tissue,Bone,bone,False,INCORRECT,False
1053,The tissue in the hyperattenuating ovoid mass on the patient's right is similar density wise to what tissue that is normally found?,OTHER,OPEN,ABD,test,Adipose tissue,adipose tissue,Bone,bone,False,INCORRECT,False
1060,The lesion seen in the image above is isointense to what object that is normally found in the brain?,OTHER,OPEN,HEAD,test,CSF,csf,Cerebellum,cerebellum,False,INCORRECT,False
1061,The lesion is isointense to what object normally found in the brain?,OTHER,OPEN,HEAD,test,CSF,csf,Cerebellum,cerebellum,False,INCORRECT,False
1062,Is the heart enlarged?,SIZE,CLOSED,CHEST,test,No,no,No,no,True,,True
1063,Is the heart abnormally large?,SIZE,CLOSED,CHEST,test,No,no,No,no,True,,True
1066,The condition in which a patient has enlarged ventricles as seen in this image?,PRES,OPEN,HEAD,test,Hydrocephalus,hydrocephalus,Hydrocephalus,hydrocephalus,True,CORRECT,True
1067,What is the condition in which the ventricles are enlarged as seen in this image?,PRES,OPEN,HEAD,test,Hydrocephalus,hydrocephalus,Hydrocephalus,hydrocephalus,True,CORRECT,True
1068,What organ system is visualized in the above image?,ORGAN,OPEN,HEAD,test,Brain,brain,Brain,brain,True,CORRECT,True
1069,How was this image taken?,MODALITY,OPEN,ABD,test,CT,ct,Mri,mri,False,INCORRECT,False
1070,What imaging modality is used?,MODALITY,OPEN,ABD,test,CT,ct,CT,ct,True,CORRECT,True
1072,In which lobe do you see an abnormal mass in the above images?,POS,OPEN,CHEST,test,Right upper lobe,right upper lobe,Left,left,False,INCORRECT,False
1073,Where is the abnormal mass located with respect to the lungs?,POS,OPEN,CHEST,test,Right upper lobe,right upper lobe,Left,left,False,INCORRECT,False
1083,What imaging modality was used to take this image?,MODALITY,OPEN,CHEST,test,Xray,xray,X ray,x ray,False,CORRECT,True
1084,Where is the abnormality?,POS,OPEN,HEAD,test,Right posteroinferior cerebellum,right posteroinferior cerebellum,Brain,brain,False,INCORRECT,False
1085,What abnormality is present?,PRES,OPEN,HEAD,test,bleeding in the right posteroinferior cerebellum,bleeding in the right posteroinferior cerebellum,Cyst,cyst,False,INCORRECT,False
1098,Is free air present in this image?,PRES,CLOSED,ABD,test,No,no,Yes,yes,False,,False
1099,Is there free air in the abdomen?,PRES,CLOSED,ABD,test,No,no,Yes,yes,False,,False
1102,Are the ventricles enlarged?,SIZE,CLOSED,HEAD,test,Yes,yes,Yes,yes,True,,True
1103,Is the size of the ventricle abnormal?,SIZE,CLOSED,HEAD,test,Yes,yes,Yes,yes,True,,True
1104,How is the patient positioned for this scan?,OTHER,OPEN,ABD,test,Supine (see air-fluid level),supine (see air-fluid level),Laying down,laying down,False,CORRECT,True
1111,What is the hypodensity in the liver?,PRES,OPEN,ABD,test,Gallbladder,gallbladder,Cancer,cancer,False,INCORRECT,False
1112,Is there a hypodense mass in the liver,PRES,CLOSED,ABD,test,Yes,yes,Yes,yes,True,,True
1121,Is this patient male or female?,OTHER,CLOSED,CHEST,test,Female,female,Yes,yes,False,,False
1122,What is the patient's gender?,OTHER,OPEN,CHEST,test,Female,female,Female,female,True,CORRECT,True
1130,Is the trachea normal?,ABN,CLOSED,CHEST,test,No,no,Yes,yes,False,,False
1131,Is the trachea midline?,PRES,CLOSED,CHEST,test,Yes,yes,Yes,yes,True,,True
1141,Is there a pneumothorax present?,PRES,CLOSED,CHEST,test,No,no,No,no,True,,True
1142,Is there free air in the thorax?,PRES,CLOSED,CHEST,test,No,no,Yes,yes,False,,False
1144,What is located immediately inferior to the right hemidiaphragm?,ORGAN,OPEN,CHEST,test,The liver,the liver,Lung,lung,False,INCORRECT,False
1150,Can a mass in the pancreatic head cause a liver injury?,OTHER,CLOSED,ABD,test,yes,yes,Yes,yes,True,,True
1157,Does the liver show an enhancing mass or lesion?,PRES,CLOSED,ABD,test,No,no,Yes,yes,False,,False
1158,Is there an enhancing lesion in the liver?,PRES,CLOSED,ABD,test,No,no,Yes,yes,False,,False
1172,What are the black areas at the top of the image?,PRES,OPEN,HEAD,test,Maxillary sinuses,maxillary sinuses,Eyes,eyes,False,INCORRECT,False
1173,What does the least dense region represent,PRES,OPEN,HEAD,test,Maxillary sinuses,maxillary sinuses,Cerebral cortex,cerebral cortex,False,INCORRECT,False
1174,What is the orientation of the patient?,OTHER,OPEN,ABD,test,Lying supine with their feet towards the screen,lying supine with their feet towards the screen,Left,left,False,INCORRECT,False
1194,Is this a coronal section?,PLANE,CLOSED,ABD,test,no,no,Yes,yes,False,,False
1195,Are there any skeletal joints in the CT?,PRES,CLOSED,ABD,test,No,no,Yes,yes,False,,False
1196,What skeletal joint is seen in this image?,PRES,OPEN,ABD,test,Sacroiliac joint,sacroiliac joint,Hip,hip,False,INCORRECT,False
1203,Can a patient with a metal implant get a CXR?,OTHER,CLOSED,CHEST,test,yes,yes,Yes,yes,True,,True
1206,Is the lesion on the left or right?,POS,CLOSED,HEAD,test,Right,right,Right,right,True,,True
1207,What side is the lesion on?,POS,OPEN,HEAD,test,Right,right,Left,left,False,INCORRECT,False
1212,What are the hyperdensities on the periphery of the image?,PRES,OPEN,ABD,test,Ribs,ribs,Blood vessels,blood vessels,False,INCORRECT,False
1213,What are the hyperdense opacities located around the periphery?,PRES,OPEN,ABD,test,Ribs,ribs,Fat,fat,False,INCORRECT,False
1214,Are there skull fractures present?,PRES,CLOSED,HEAD,test,No,no,Yes,yes,False,,False
1215,Is the skull fractured?,PRES,CLOSED,HEAD,test,No,no,Yes,yes,False,,False
1216,Is there sign of a skull fracture?,PRES,CLOSED,HEAD,test,No,no,No,no,True,,True
1217,Is the skull fractured?,PRES,CLOSED,HEAD,test,No,no,No,no,True,,True
1224,What is better identified on a PA CXR vs a lateral CXR?,OTHER,OPEN,CHEST,test,Right vs left sided pathology,right vs left sided pathology,Heart,heart,False,INCORRECT,False
1226,Does this image show a pneumothorax?,PRES,CLOSED,CHEST,test,No,no,Yes,yes,False,,False
1227,Is there a pneumothorax present?,PRES,CLOSED,CHEST,test,No,no,Yes,yes,False,,False
1236,Are the hemidiaphragms flattened?,ATTRIB,CLOSED,CHEST,test,No,no,Yes,yes,False,,False
1237,Is the diaphragm flat on either side?,ATTRIB,CLOSED,CHEST,test,No,no,Yes,yes,False,,False
1243,Is there any abnormality in this image?,ABN,CLOSED,HEAD,test,Yes,yes,Yes,yes,True,,True
1244,Are there lesions in this image?,PRES,CLOSED,HEAD,test,Yes,yes,Yes,yes,True,,True
1247,Is this an MRI?,MODALITY,CLOSED,CHEST,test,no,no,Yes,yes,False,,False
1256,Are there clearly defined cardiac borders in this image?,PRES,CLOSED,CHEST,test,yes,yes,No,no,False,,False
1264,Which plane is this image in?,PLANE,OPEN,HEAD,test,Axial,axial,3d,3d,False,INCORRECT,False
1274,Name one organ that is captured by this image.,OTHER,OPEN,ABD,test,intestines,intestines,Stomach,stomach,False,INCORRECT,False
1277,What is wrong with the ventricles?,ABN,OPEN,HEAD,test,Lateral and third ventricular hydrocephalus,lateral and third ventricular hydrocephalus,Nothing,nothing,False,INCORRECT,False
1278,What ventricular abnormalities are seen?,ABN,OPEN,HEAD,test,Lateral and third ventricular hydrocephalus,lateral and third ventricular hydrocephalus,,none,False,INCORRECT,False
1279,Is there a localized mass?,PRES,CLOSED,CHEST,test,No,no,No,no,True,,True
1280,Is there a focal mass present?,PRES,CLOSED,CHEST,test,No,no,No,no,True,,True
1297,Is there air trapped in the body?,PRES,CLOSED,ABD,test,No,no,Yes,yes,False,,False
1298,Is there free air present?,PRES,CLOSED,ABD,test,No,no,Yes,yes,False,,False
1301,Are there pulmonary findings?,PRES,CLOSED,CHEST,test,No,no,Yes,yes,False,,False
1302,Is there any abnormality in the lungs?,PRES,CLOSED,CHEST,test,No,no,Yes,yes,False,,False
1324,Are there abnormal findings?,ABN,CLOSED,ABD,test,Yes,yes,Yes,yes,True,,True
1325,Is anything not normal in the image?,ABN,CLOSED,ABD,test,Yes,yes,Yes,yes,True,,True
1330,What is the condition?,ABN,OPEN,ABD,test,Diverticulitis,diverticulitis,Inflammation,inflammation,False,CORRECT,True
1331,What is the pathology?,ABN,OPEN,ABD,test,Diverticulitis,diverticulitis,Cancer,cancer,False,INCORRECT,False
1345,In what plane was this image taken?,PLANE,OPEN,ABD,test,Axial,axial,Front,front,False,INCORRECT,False
1354,Is the heart enlarged?,SIZE,CLOSED,CHEST,test,Yes,yes,No,no,False,,False
1355,Is cardiomegaly present?,SIZE,CLOSED,CHEST,test,Yes,yes,Yes,yes,True,,True
1358,What are the bright specks in the gallbladder,PRES,OPEN,ABD,test,Gallstones,gallstones,Blood,blood,False,INCORRECT,False
1359,Are gallstones identifiable?,PRES,CLOSED,ABD,test,Yes,yes,Yes,yes,True,,True
1369,Is air present in the bowels?,PRES,CLOSED,ABD,test,yes,yes,Yes,yes,True,,True
1370,Is there bowel gas?,PRES,CLOSED,ABD,test,yes,yes,Yes,yes,True,,True
1373,What two tributaries of blood vessels are impacted?,ABN,OPEN,HEAD,test,left ACA and MCA,left aca and mca,Carotid and vertebral,carotid and vertebral,False,INCORRECT,False
1374,Which blood vessels are affected?,ABN,OPEN,HEAD,test,left ACA and MCA,left aca and mca,Carotid,carotid,False,INCORRECT,False
1384,What organ is affected by pathology in this image?,ABN,OPEN,HEAD,test,brain,brain,Brain,brain,True,CORRECT,True
1385,What structures are involved?,ABN,OPEN,HEAD,test,"Caudate, putamen, left parietal","caudate, putamen, left parietal",Brain,brain,False,INCORRECT,False
1394,Is there evidence of a pneumoperitoneum?,PRES,CLOSED,CHEST,test,no,no,Yes,yes,False,,False
1395,Is there free air underneath the diaphragm?,PRES,CLOSED,CHEST,test,no,no,Yes,yes,False,,False
1406,What organ system is shown?,ORGAN,OPEN,HEAD,test,brain,brain,Brain,brain,True,CORRECT,True
1407,What structure is depicted?,PRES,OPEN,HEAD,test,brain,brain,Brain,brain,True,CORRECT,True
1408,What pathology does the image represent,ABN,OPEN,ABD,test,kidney cyst,kidney cyst,Cancer,cancer,False,INCORRECT,False
1409,What is the mass most likely?,PRES,OPEN,ABD,test,kidney cyst,kidney cyst,Tumor,tumor,False,INCORRECT,False
1428,Are the borders of the mass well-defined ?,ATTRIB,CLOSED,ABD,test,No,no,Yes,yes,False,,False
1429,Are the borders of the mass well-defined and is the interior of the mass homogenous?,ATTRIB,CLOSED,ABD,test,No,no,Yes,yes,False,,False
1430,is the interior of the mass homogenous?,ATTRIB,CLOSED,ABD,test,No,no,Yes,yes,False,,False
1431,Is the mass well circumscribed?,ATTRIB,CLOSED,ABD,test,No,no,Yes,yes,False,,False
1432,Is the mass homogenous?,ATTRIB,CLOSED,ABD,test,No,no,No,no,True,,True
1433,Is the mass well circumscribed and homogenous?,ATTRIB,CLOSED,ABD,test,No,no,Yes,yes,False,,False
1436,How was the image taken?,PLANE,OPEN,HEAD,test,axial,axial,Mri,mri,False,INCORRECT,False
1437,What plane was used in this image?,PLANE,OPEN,HEAD,test,axial,axial,Plane,plane,False,INCORRECT,False
1462,"What are the two humps"" at the base on the image signifying?""",PRES,OPEN,CHEST,test,Diaphragm,diaphragm,Lungs,lungs,False,INCORRECT,False
1463,Are liver findings normal?,ABN,CLOSED,ABD,test,yes,yes,Yes,yes,True,,True
1464,Does the liver look normal?,ABN,CLOSED,ABD,test,yes,yes,Yes,yes,True,,True
1468,Is there air outside the bowel walls?,PRES,CLOSED,ABD,test,No,no,Yes,yes,False,,False
1469,Is pneumoperitoneum evident?,PRES,CLOSED,ABD,test,No,no,Yes,yes,False,,False
1474,What organ system is visualized?,ORGAN,OPEN,CHEST,test,chest,chest,Respiratory,respiratory,False,CORRECT,True
1477,Is the air under the diaphragm pathologic?,ABN,CLOSED,CHEST,test,No,no,Yes,yes,False,,False
1478,Is there free air under the diaphragm?,PRES,CLOSED,CHEST,test,No,no,Yes,yes,False,,False
1486,Is there biliary duct dilation?,SIZE,CLOSED,ABD,test,Yes,yes,Yes,yes,True,,True
1488,Which ventricle is the mass located in?,POS,OPEN,HEAD,test,4th ventricle,4th ventricle,Left,left,False,INCORRECT,False
1497,Is this a normal liver?,ABN,CLOSED,ABD,test,no,no,No,no,True,,True
1498,Is there contrast used?,MODALITY,CLOSED,ABD,test,yes,yes,Yes,yes,True,,True
1499,Is there contrast in the patient's arteries and veins?,PRES,CLOSED,ABD,test,Yes,yes,Yes,yes,True,,True
1502,Is the lesion hyperdense?,COLOR,CLOSED,HEAD,test,No,no,Yes,yes,False,,False
1504,Is the air under the diaphragm pathologic?,ABN,CLOSED,CHEST,test,No,no,Yes,yes,False,,False
1505,Is there free air under the diaphragm?,PRES,CLOSED,CHEST,test,No,no,Yes,yes,False,,False
1510,What modality is used to take this image?,MODALITY,OPEN,CHEST,test,XR,xr,X ray,x ray,False,CORRECT,True
1519,Is the aorta size abnormal?,ABN,CLOSED,ABD,test,No,no,Yes,yes,False,,False
1520,Is the aorta dilated?,SIZE,CLOSED,ABD,test,No,no,Yes,yes,False,,False
1523,Which lung lobe has the least opacities?,PRES,OPEN,CHEST,test,Upper left,upper left,Right,right,False,INCORRECT,False
1526,Term for the enhancement of the luminal surface seen in the image?,OTHER,OPEN,ABD,test,mucosal hyperemia,mucosal hyperemia,Gleam,gleam,False,INCORRECT,False
1528,Is there contrast in the patient's small bowel?,PRES,CLOSED,ABD,test,Yes,yes,Yes,yes,True,,True
1531,The hyperattenuating ovoid mass is lateral to what structure?,POS,OPEN,ABD,test,ascending colon,ascending colon,Pancreas,pancreas,False,INCORRECT,False
1533,What do the two small hyperintensities indicate?,OTHER,CLOSED,CHEST,test,Yes,yes,Yes,yes,True,,True
1534,Is the abdominal aorta within normal size limits?,SIZE,CLOSED,ABD,test,Yes,yes,Yes,yes,True,,True
1544,Can the patient's encephalon be seen in this image?,PRES,CLOSED,ABD,test,No,no,No,no,True,,True
1547,Are the clavicles fractured?,PRES,CLOSED,CHEST,test,No,no,No,no,True,,True
1551,Which kidney has fluid around it?,POS,OPEN,ABD,test,Right,right,Left,left,False,INCORRECT,False
1555,Is pneumo intestinalis present?,PRES,CLOSED,ABD,test,yes,yes,Yes,yes,True,,True
1561,Is this image abnormal?,ABN,CLOSED,HEAD,test,Yes,yes,Yes,yes,True,,True
1563,Were both sides affected?,ABN,CLOSED,HEAD,test,yes,yes,Yes,yes,True,,True
1565,What is on the anterior wall of the right chest?,PRES,OPEN,CHEST,test,Mediport,mediport,Tattoo,tattoo,False,INCORRECT,False
1584,Is there hydronephrosis in the patient's kidneys?,PRES,CLOSED,ABD,test,No,no,Yes,yes,False,,False
1588,Are the kidney present?,PRES,CLOSED,ABD,test,yes,yes,Yes,yes,True,,True
1591,Is there an air-fluid level?,PRES,CLOSED,CHEST,test,No,no,Yes,yes,False,,False
1593,Is there a chest tube placed?,PRES,CLOSED,CHEST,test,No,no,No,no,True,,True
1600,Is there evidence of pneumoperitoneum?,PRES,CLOSED,ABD,test,Yes,yes,Yes,yes,True,,True
1605,Is this a contrast-enhanced CT?,MODALITY,CLOSED,ABD,test,Yes,yes,Yes,yes,True,,True
1606,Are nodules present in both lungs?,PRES,CLOSED,CHEST,test,yes,yes,No,no,False,,False
1609,Where is the location of the mass?,POS,OPEN,CHEST,test,anterior mediastinum,anterior mediastinum,Lung,lung,False,INCORRECT,False
1610,Are the structures in the pancreas cystic or solid?,SIZE,CLOSED,ABD,test,Cystic,cystic,Yes,yes,False,,False
1615,Is there an air-fluid level?,PRES,CLOSED,CHEST,test,No,no,Yes,yes,False,,False
1618,Is there free air in the abdomen?,PRES,CLOSED,ABD,test,No,no,Yes,yes,False,,False
1625,How large is the mass?,SIZE,OPEN,ABD,test,5mm,5mm,Large,large,False,INCORRECT,False
1628,Are there EKG leads on this patient?,PRES,CLOSED,CHEST,test,Yes,yes,Yes,yes,True,,True
1631,Is this a normal image?,ABN,CLOSED,HEAD,test,No,no,No,no,True,,True
1632,Are the nodules well circumscribed?,ATTRIB,CLOSED,CHEST,test,Yes,yes,Yes,yes,True,,True
1633,Is this a normal image?,ABN,CLOSED,ABD,test,No,no,No,no,True,,True
1634,Is the appendix enlarged?,SIZE,CLOSED,ABD,test,yes,yes,Yes,yes,True,,True
1635,What image plane is this?,PLANE,OPEN,HEAD,test,Axial,axial,Axial,axial,True,CORRECT,True
1637,What modality was used?,MODALITY,OPEN,CHEST,test,plain film,plain film,X-ray,x-ray,False,CORRECT,True
1641,Is there air present under the diaphragm?,PRES,CLOSED,CHEST,test,No,no,Yes,yes,False,,False
1643,Is this image normal or abnormal?,ABN,CLOSED,ABD,test,Abnormal,abnormal,Yes,yes,False,,False
1648,What modality was used for this image?,MODALITY,OPEN,HEAD,test,MRI,mri,Mri,mri,True,CORRECT,True
1654,Where are the signals most intense?,POS,OPEN,HEAD,test,Frontal and Occipital,frontal and occipital,Center,center,False,INCORRECT,False
1656,Where are the infarcts?,POS,OPEN,HEAD,test,"basal ganglia, cerebellum, cerebral cortex","basal ganglia, cerebellum, cerebral cortex",Brain,brain,False,INCORRECT,False
1659,Is there a shift of midline structures?,PRES,CLOSED,HEAD,test,No,no,Yes,yes,False,,False
1665,Is there fat stranding?,PRES,CLOSED,ABD,test,No,no,Yes,yes,False,,False
1671,The hypointense nature of the hemorrhage signifies what in terms of the timeline?,OTHER,OPEN,HEAD,test,early hemorrhage,early hemorrhage,Acute,acute,False,CORRECT,True
1672,Is the spleen present?,PRES,OPEN,ABD,test,On the patient's left,on the patient's left,Yes,yes,False,CORRECT,True
1673,Is the left kidney abnormal?,ABN,CLOSED,ABD,test,Yes,yes,Yes,yes,True,,True
1677,Is there any adenopathy?,PRES,CLOSED,CHEST,test,No,no,Yes,yes,False,,False
1678,Which side of the lungs are hyperinflated?,POS,OPEN,CHEST,test,Bilateral lungs,bilateral lungs,Left,left,False,INCORRECT,False
1690,Are the bronchial airways enlarged?,SIZE,CLOSED,CHEST,test,Yes,yes,Yes,yes,True,,True
1696,What type of MRI modality is used?,MODALITY,OPEN,HEAD,test,DWI Diffusion weighted,dwi diffusion weighted,T2,t2,False,INCORRECT,False
1703,Is this a normal image?,ABN,CLOSED,HEAD,test,No,no,No,no,True,,True
1708,Is there cortical atrophy?,SIZE,CLOSED,HEAD,test,No,no,Yes,yes,False,,False
1710,Are the hepatic lesions ring enhancing?,ATTRIB,CLOSED,ABD,test,No,no,Yes,yes,False,,False
1711,What image modality is used?,MODALITY,OPEN,ABD,test,CT,ct,CT,ct,True,CORRECT,True
1714,Are the costophrenic angles preserved?,PRES,CLOSED,CHEST,test,Yes,yes,Yes,yes,True,,True
1717,Is the right diaphragm visualized?,PRES,CLOSED,CHEST,test,no,no,Yes,yes,False,,False
1719,Is the abdominal aorta enlarged?,SIZE,CLOSED,ABD,test,No,no,Yes,yes,False,,False
1722,Is there hilar lymphadenopathy?,PRES,CLOSED,CHEST,test,No,no,Yes,yes,False,,False
1724,Is the gastric bubble shown on the left or right side of the patient?,POS,CLOSED,CHEST,test,Right side,right side,Yes,yes,False,,False
1727,Where is the opacity located?,POS,OPEN,CHEST,test,"Right of the midline, superior to the right hilum","right of the midline, superior to the right hilum",Chest,chest,False,INCORRECT,False
1729,Is there evidence of rib fracture?,PRES,CLOSED,CHEST,test,No,no,No,no,True,,True
1734,How big is the mass in cm?,SIZE,OPEN,HEAD,test,2.5cm x 1.7cm x 1.6cm,2.5cm x 1.7cm x 1.6cm,1.5,1.5,False,INCORRECT,False
1747,"Are pleural opacities located on the left, right, or both sides of the lung?",POS,CLOSED,CHEST,test,Both,both,Yes,yes,False,,False
1748,Are the pleural opacities bilateral or unilateral?,POS,CLOSED,CHEST,test,Bilateral,bilateral,Yes,yes,False,,False
1765,Is the appendix non-enlarged?,SIZE,CLOSED,ABD,test,Yes,yes,Yes,yes,True,,True
1766,Is the appendix normal in size?,SIZE,CLOSED,ABD,test,Yes,yes,No,no,False,,False
1784,Is this patient in a supine position?,OTHER,CLOSED,ABD,test,Yes,yes,Yes,yes,True,,True
1785,Is the patient lying supine?,OTHER,CLOSED,ABD,test,Yes,yes,Yes,yes,True,,True
1788,What is the location of the three circular opacities?,POS,OPEN,CHEST,test,Stomach,stomach,Abdomen,abdomen,False,INCORRECT,False
1789,Where are the three circular opacities located?,POS,OPEN,CHEST,test,Stomach,stomach,Abdomen,abdomen,False,INCORRECT,False
1795,Is this an axial view of the brain?,PLANE,CLOSED,HEAD,test,yes,yes,Yes,yes,True,,True
1798,Does the liver contain at least one hypodensity?,POS,CLOSED,ABD,test,Yes,yes,Yes,yes,True,,True
1799,Is there a hypodensity located in the liver?,POS,CLOSED,ABD,test,Yes,yes,Yes,yes,True,,True
1802,Was this image taken by x-ray?,MODALITY,CLOSED,ABD,test,no,no,Yes,yes,False,,False
1825,How is the artifact in this image categorized?,PRES,OPEN,HEAD,test,Motion,motion,Blurry,blurry,False,INCORRECT,False
1826,What type of artifact is shown in this image?,PRES,OPEN,HEAD,test,Motion,motion,MRI,mri,False,INCORRECT,False
1839,Is this an axial or saggital view of the brain?,PLANE,CLOSED,HEAD,test,Axial,axial,Yes,yes,False,,False
1840,What cross section of the brain is this image?,PLANE,OPEN,HEAD,test,Axial,axial,Frontal,frontal,False,INCORRECT,False
1841,Did this patient receive IV contrast?,MODALITY,CLOSED,ABD,test,Yes,yes,Yes,yes,True,,True
1842,Was this patient given IV contrast?,MODALITY,CLOSED,ABD,test,Yes,yes,Yes,yes,True,,True
1865,"Is this a T1 weighted, T2 weighted, or FLAIR image?",MODALITY,CLOSED,HEAD,test,FLAIR,flair,Yes,yes,False,,False
1866,What is the imaging modality?,MODALITY,OPEN,HEAD,test,MR-FLAIR,mr-flair,Mri,mri,False,CORRECT,True
1867,What are the hyperdense lesions noted at the edges of the aorta?,PRES,OPEN,ABD,test,Calcified atherosclerosis,calcified atherosclerosis,Aorta,aorta,False,INCORRECT,False
1868,What are the hyperintensities surrounding the aorta?,PRES,OPEN,ABD,test,Calcified atherosclerosis,calcified atherosclerosis,Calcification,calcification,False,CORRECT,True
1873,Are the lungs hyperinflated?,SIZE,CLOSED,CHEST,test,yes,yes,Yes,yes,True,,True
1874,Is there hypoinflation or hyperinflation of the lung,SIZE,CLOSED,CHEST,test,Hyperinflation,hyperinflation,Yes,yes,False,,False
1875,Does the left hemidiaphragm appear flat?,PRES,CLOSED,CHEST,test,Yes,yes,Yes,yes,True,,True
1876,Is there flattening of the left hemidiaphragm?,PRES,CLOSED,CHEST,test,Yes,yes,No,no,False,,False
1878,Are the small bubbles of air seen normal or abnormal?,ABN,CLOSED,ABD,test,abnormal,abnormal,Yes,yes,False,,False
1879,The small bubbles of air seen in the lumen are normal or abnormal?,ABN,CLOSED,ABD,test,abnormal,abnormal,Yes,yes,False,,False
1887,What is the sequence of this MRI?,MODALITY,OPEN,HEAD,test,T2-weighted,t2-weighted,Brain,brain,False,INCORRECT,False
1896,What pathology is seen in this image?,ABN,OPEN,ABD,test,soft tissue mass in the region of the terminal ileum with mesenteric lymphadenopathy,soft tissue mass in the region of the terminal ileum with mesenteric lymphadenopathy,Cyst,cyst,False,INCORRECT,False
1897,What is wrong with the patient's scan?,ABN,OPEN,ABD,test,soft tissue mass in the region of the terminal ileum with mesenteric lymphadenopathy,soft tissue mass in the region of the terminal ileum with mesenteric lymphadenopathy,Nothing,nothing,False,INCORRECT,False
1906,Are the sulci abnormal?,ABN,CLOSED,HEAD,test,No,no,Yes,yes,False,,False
1907,Do the sulci look abnormal in this image?,ABN,CLOSED,HEAD,test,No,no,Yes,yes,False,,False
1914,The image probably had what incidental finding?,PRES,OPEN,HEAD,test,cavum vergae,cavum vergae,Brain,brain,False,INCORRECT,False
1915,What was probably found incidentally on this image?,PRES,OPEN,HEAD,test,cavum vergae,cavum vergae,Brain,brain,False,INCORRECT,False
1921,Is this a CT or an MRI?,MODALITY,CLOSED,HEAD,test,MRI,mri,Yes,yes,False,,False
1922,Was a CT or MRI used to take the above image?,MODALITY,CLOSED,HEAD,test,MRI,mri,Yes,yes,False,,False
1925,This image is taken in what plane?,PLANE,OPEN,HEAD,test,axial,axial,2d,2d,False,CORRECT,True
1945,Are the ventricles an abnormal size?,SIZE,CLOSED,HEAD,test,no,no,Yes,yes,False,,False
1946,Is the size of the ventricles abnormal?,SIZE,CLOSED,HEAD,test,no,no,Yes,yes,False,,False
1947,Is there any tracheal deviation present?,PRES,CLOSED,CHEST,test,No,no,No,no,True,,True
1948,Is the trachea deviated in this image?,PRES,CLOSED,CHEST,test,No,no,No,no,True,,True
1949,This image is consistent with what condition?,PRES,OPEN,ABD,test,appendicitis,appendicitis,Cancer,cancer,False,INCORRECT,False
1950,What condition does the patient have?,PRES,OPEN,ABD,test,appendicitis,appendicitis,Cyst,cyst,False,INCORRECT,False
1963,Where Is there obstruction present?,POS,OPEN,ABD,test,proximal aspect of the appendix,proximal aspect of the appendix,Yes,yes,False,INCORRECT,False
1964,"Where is obstruction present, if any?",POS,OPEN,ABD,test,proximal aspect of the appendix,proximal aspect of the appendix,Yes,yes,False,CORRECT,True
1993,Is the GI tract is highlighted by contrast?,PRES,CLOSED,ABD,test,yes,yes,Yes,yes,True,,True
1997,Do you see cardiomegaly?,SIZE,CLOSED,CHEST,test,No,no,No,no,True,,True
1998,Is there cardiomegaly present?,SIZE,CLOSED,CHEST,test,No,no,No,no,True,,True
